last_name,first_name,email_address,zipcode,city,state,street,homephone
Curry,Mary Kate,wmppydaymaker@jumpstartlab.com,21230,Baltimore,MD,1509 Jackson Street,2023281000
Cordova,Sarah,tmai.202@jumpstartlab.com,21044,Columbia,MD,5430 Hesperus Drive,4109639000
Dzara,Greg,jmpender@jumpstartlab.com,20912,Takoma Park,MD,122 Park Avenue,3012702000
Chan,Jacqueline,dpstrunn@jumpstartlab.com,20904,Silver Spring,MD,4 Delford Ave,2022567000
MacConnell,Ann,suslandgurl@jumpstartlab.com,21754,Ijamsville,MD,11025 Graymarsh Place,5145448000
Spitz,Caitlin,guhn@jumpstartlab.com,20712,Mount Rainier,MD,4405 29th Street,2408998000
Fea,Megan,mball13@jumpstartlab.com,21208,Baltimore,MD,2908 Old Court Road,4103820000
Taylor,Gena,kabbbbbnnnnnnn@jumpstartlab.com,21044,Columbia,MD,11846 Winterlong Way,4109086000
Neer,Jordan,oklerd52@jumpstartlab.com,21771,Mount Airy,MD,7501 Mayfair Court,3014714000
Bookstein,Emma,vranaveytsman@jumpstartlab.com,21784,Eldersburg,MD,6120 Snowden's Run,3109024000
Rios,Laura,iltherine.durkin@jumpstartlab.com,20912,Takoma Park,MD,705 Colby Ave.,2408930000
Lam,Abby,kdmes.paul89@jumpstartlab.com,20896,Garrett Park,MD,P O Box 346,2404780000
Mathieson,Edward,uwackett@jumpstartlab.com,20895,Kensington,MD,5011 Flanders Ave.,3014486000
Stein,Urs,oaycejc3@jumpstartlab.com,20814,Bethesda,MD,5217 Elsmere Ave.,3018285000
Forrester,Kris,fcuerra1@jumpstartlab.com,20814,Bethesda,MD,10233 Farnham Drive,3017676000
Van Beek,Helene,vsckmajm@jumpstartlab.com,20902,Silver Spring,MD,11501 Regnid Dr.,2027010000
Dahan,Jane,sfarrell@jumpstartlab.com,20817,Bethesda,MD,9802 Holmhurst Rd,3019103000
Healey,Vinicio,tyicastout@jumpstartlab.com,21797,Woodbine,MD,2800 Ducall Road,3019103000
Farrell,Peter,orll18@jumpstartlab.com,20850,Rockville,MD,117 S Van Buren St,3019103000
Wolochow,Emily,mjith.farrell@jumpstartlab.com,20891,Kensington,MD,4413 Everett St,0000000000
Thibodeaux,Viktoria,oiresch@jumpstartlab.com,20906,Silver Spring,MD,3335 Hewitt Ave apt 302,2406711000
Epstein,Bill,iiomasem@jumpstartlab.com,20910,Silver Spring,MD,2006 Luzerne Ave.,2406028000
De Haven,ETSU,xglackwell.tidline@jumpstartlab.com,20815,Chevy Chase,MD,2616 Colston Drive,2404780000
Hardy,Kathryn,vsilliard@jumpstartlab.com,20896,Garrett Park,MD,4400 Cambria Avenue,3019227000
Young,Max,mbrena.whitridge@jumpstartlab.com,20737,Riverdale,MD,5912 Somerset Rd.,3017870000
Hayes,Mariana,xvicia.normand@jumpstartlab.com,20912,Takoma Park,MD,"6935 Laurel Ave, #201",7182906000
Larkins,Robert,gmssicacrivas@jumpstartlab.com,21122,Pasadena,MD,8094 Ventnor Road,4436184000
Ojeh,Sarah,bfkelly@jumpstartlab.com,20742,College Park,MD,8000 Boteler Lane Appt 248A,4104743000
Garrett,Alex,taistin.sullivan@jumpstartlab.com,20742,College Park,MD,,9084777000
Udell,Stephanie,ihtherinemhoffman@jumpstartlab.com,20720,Bowie,MD,"10419 Glen Manor Dr.,",2024980000
Frey,Dea,ftuffman_k@jumpstartlab.com,21701,Frederick,MD,401 Rosemont Ave,6094254000
Rizzo,Joe,eooss_a@jumpstartlab.com,20740,College Park,MD,,2405358000
Panacionne,Martina,dqkevill@jumpstartlab.com,21793,Walkersville,MD,PO Box 82,3018988000
Beadle,Null,ehdungan@jumpstartlab.com,21157,Westminster,MD,628 Barnes Ave,4108480000
Stafne,Ben,crerymac13@jumpstartlab.com,21157,Westminster,MD,628 Barnes Ave,4108480000
Judge,Audrie,rhfo8296@jumpstartlab.com,21157,Westminster,MD,2084 Old Fridinger Mill Rd,4108570000
Young,Annie,pqrl.stockman@jumpstartlab.com,21157,Westminster,MD,2084 Old Fridinger Mill Rd,4108570000
Bauer,Andrew,kpttri@jumpstartlab.com,21157,Westminster,MD,3032 Bird View Rd,4436054000
Derek,Elizabeth,myugg@jumpstartlab.com,21157,Westminster,MD,3140 Slippery Elm Ct,4436044000
Theve,Kaitlin,pcthan.taylor05@jumpstartlab.com,21045,Columbia,MD,5911 Millrace Ct,0000000000
Evans-Verret,Chuck,qhrphy_jp@jumpstartlab.com,21048,Westminster,MD,2748 Old Westminster Pike,4438231000
Maurer,Ali,bsicksam@jumpstartlab.com,21521,Cumberland,MD,60 Pershing St,2405222000
Huber,John,nileyd@jumpstartlab.com,21521,Cumberland,MD,60 Pershing St,3016897000
Ng,Catherine,nhrtonwa@jumpstartlab.com,20815,Chevy Chase,MD,3512 Woodbine St,2406455000
Calderado,Dominika,jnyres@jumpstartlab.com,20740,College Park,MD,8000 Boteler Lane Apt. 716,3013184000
Morris,Corey,wvz7y@jumpstartlab.com,20740,College Park,MD,8000 Boteler Lane Apt. 716,3013184000
Lally,Nichol,xwckandahalf@jumpstartlab.com,20707,Laurel,MD,15611 Straughn Drive,2405931000
Waisbren,Andrew,xkectrae@jumpstartlab.com,20742,College Park,MD,"247-10 Leonardtown Hall, University of Maryland",3013184000
Chan,Danielle,dqagles64@jumpstartlab.com,20740,College Park,MD,"6901 Preinkert Drive, Apt. 6601C",5186510000
Bates,Sam,gver0030@jumpstartlab.com,20742,College Park,MD,"4215 Centreville Hall, University of Maryland",8479428000
Force,Christina,jtessert@jumpstartlab.com,20740,College Park,MD,8000 Boteler Lane Apt. 716,3013184000
Huggenkiss,Amelia,namcgaughey@jumpstartlab.com,20740,College Park,MD,8000 Boteler Lane,3013184000
Zwicker,Bart,assinclair10@jumpstartlab.com,21409,Annapolis,MD,1414 Anna Marie Ct.,4102124000
Perez,Keith,bjui172@jumpstartlab.com,20740,College Park,MD,8000 Boteler Lane,4105969000
Moore,Jessie,suowe@jumpstartlab.com,20740,College Park,MD,8000 Boteler Lane,3013184000
Neal,Nicole,yyrown47@jumpstartlab.com,21217,Baltimore,MD,1916 Mt. Royal Terrace,8605502000
Schiller,Nicolas,hsrahmills.sullivan@jumpstartlab.com,20815,Chevy Chase,MD,4910 Cumberland Avenue,3016545000
O'Shaughnessy,Ian,rwthomaswallace@jumpstartlab.com,21157,Westminster,MD,628 Barnes Ave,4102592000
Burdiss,Tracy,fok32@jumpstartlab.com,21228,Catonsville,MD,28 Heather Hill Rd,4436177000
Maccabe,Tatiana,mrise.gabriel@jumpstartlab.com,21250,Baltimore,MD,1000 Hilltop Circle,3017856000
Lepore,Joe,uhenanova3@jumpstartlab.com,21250,Baltimore,MD,1000 Hilltop Circle,4437563000
Peterson,Will,if7233a@jumpstartlab.com,21250,Baltimore,MD,1000 Hilltop Circle,3016462000
Somor,Bryan,lwxiechick_heeler@jumpstartlab.com,21250,Baltimore,MD,1000 Hilltop Circle,4104195000
Cine,Andrew,frkeith@jumpstartlab.com,21084,Jarrettsville,MD,28 Advocate Hill Dr,4435283000
Stockman,Jessica,ewmms711@jumpstartlab.com,21250,Baltimore,MD,1000 Hilltop Circle,4439383000
Lumbert,Jessica,tl@jumpstartlab.com,21250,Baltimore,MD,1000 Hilltop Circle,3019193000
Placey,Catherine,vflly@jumpstartlab.com,21250,Baltimore,MD,1000 Hilltop Circle,8452641000
Hindes,Elizabeth,nlristopherbentley@jumpstartlab.com,21250,Baltimore,MD,1000 Hilltop Circle,4104408000
Phillips,Shannon,yuhrenwerth@jumpstartlab.com,21250,Baltimore,MD,1000 Hilltop Circle,2023290000
Kiener,Gabriela,apaire.rosenkvist@jumpstartlab.com,21250,Baltimore,MD,1000 Hilltop Circle,4104093000
Duncombe,Ryan,hamp9321@jumpstartlab.com,21250,Baltimore,MD,1000 Hilltop Circle,2038042000
Jenkins,Katelyn,kqryan@jumpstartlab.com,21412,Annapolis,MD,P.O. Box 15403,9522396000
Two,David,mcmelhorn@jumpstartlab.com,20906,Silver Spring,MD,14001 Blazer Lane,3019105000
Gardner,William,xgc1@jumpstartlab.com,20686,St. Mary's City,MD,Campus Center 2527 16800 Pt. Lookout Rd,4029904000
Rush,Francisco,siather.jennings@jumpstartlab.com,20686,St. Mary's City,MD,"Campus Center #1754, 16800 Point Lookout Rd",2406201000
Lapointe,Leah,vbmzar@jumpstartlab.com,20686,St. Mary's City,MD,16800 Point Lookout Rd.,2406201000
Barrows,Jessica,kphndoe13@jumpstartlab.com,20686,St Mary's City,MD,16800 Point Lookout Road,2406201000
Santiago,Kaitlin,gflajagger@jumpstartlab.com,20686,St. Mary's City,MD,"Campus Center 2714, 16800 Point Lookout Rd.",5038053000
Tecleab,Sophia,cicampbe@jumpstartlab.com,20686,St Mary's city,MD,Campus center 1346 16800 point lookout rd,4103704000
Oorthuys,Robert,awndol_n@jumpstartlab.com,20686,St Mary's City,MD,16800 Point Lookout Road,7178564000
Mussehl,Mollie,juworthy@jumpstartlab.com,20686,Laurel,MD,"Campus Center #1067, 16800 Point Lookout Road",3019432000
Lopez,Allegra,qssminemerriweather@jumpstartlab.com,20686,St Mary's City,MD,"Campus Center 1912, 16800 Point Lookout Rd",7034240000
Bartlett,Ginny,fuberly.sinclair@jumpstartlab.com,20686,St. Mary's city,MD,16800 point look road,5555555000
Oliver,Katya,pemoba6@jumpstartlab.com,20686,st marys city,MD,16800 point lookout rd,5555555000
Tyson,Laney,kaghav.goyal@jumpstartlab.com,20686,St. Mary's City,MD,16800 Pt Lookout Rd,3213215000
Foley,Heather,ctOHNSON716@jumpstartlab.com,20686,st marys city,MD,16800 point lookout rd,5555555000
Redmond,Rachel,tcreilly@jumpstartlab.com,20686,St. marys city,MD,16800 Pt Lookout Rd,3213215000
Moss,Ragini,yusse.d.fries@jumpstartlab.com,20686,st marys city,MD,16800 Point lookout rd,5555555000
Hillman,Kadie,agara_wright@jumpstartlab.com,20686,st marys city,MD,16800 Point lookout rd,5555555000
Schy,Erin,rjchel.howson@jumpstartlab.com,20686,St. Marys City,MD,16800 Pt Lookout Rd,3213215000
Nutter-Upham,Aida,guazar@jumpstartlab.com,20686,st marys city,MD,16800 Point lookout rd,5555555000
Jones,Zach,olffj@jumpstartlab.com,20686,St. Mary's City,MD,16800 Pt Lookout Rd,3213215000
Waldo,Teen,vf9gw@jumpstartlab.com,20686,st marys city,MD,16800 Point lookout rd,5555555000
Migliorini,Lindsay,jk2184a@jumpstartlab.com,20686,St. Mary's City,MD,16800 Pt Lookout Rd,3213215000
Seeliger,Rebecca,yocoburn@jumpstartlab.com,20686,st marys city,MD,16800 Point lookout rd,5555555000
Dulys-Nusbaum,Jessica,nvimslopez@jumpstartlab.com,20686,St. Mary's City,MD,16800 Pt Lookout Rd,3213215000
Peeler,Stacy,tarta.musial@jumpstartlab.com,20686,st marys city,MD,16800 Point lookout rd,5555555000
Peterson,Linda,qaarren@jumpstartlab.com,20686,St. Mary's City,MD,16800 Pt Lookout Rd,3213215000
Hoh,Brandon,hleyew@jumpstartlab.com,20686,st marys city,MD,16800 Point lookout rd,5555555000
Rodriguez,Katie,kkhorn@jumpstartlab.com,20686,St. Mary's City,MD,16800 Point Lookout Rd.,3213215000
Bender,Nora,jxhnathon.daniel@jumpstartlab.com,20686,st marys city,MD,16800 point lookout rd,5555555000
Kuria,Courtney,vlk58@jumpstartlab.com,20686,st marys city,MD,16800 Point lookout rd,5555555000
Collier,Sara,xbenybn@jumpstartlab.com,20686,st marys city,MD,16800 Point lookout rd,5555555000
Thai,Laura,oally.sharrow@jumpstartlab.com,20686,st marys city,MD,16800 Point lookout rd,5555555000
Fink,John,stiorio@jumpstartlab.com,20686,St. Mary's City,MD,16800 Point Lookout Rd.,3213215000
Chase,Myriam,jevesayj@jumpstartlab.com,20686,st marys city,MD,16800 Point lookout rd,5555555000
Bradley,Chris,chehli.1@jumpstartlab.com,20686,St. Mary's City,MD,16800 Point Lookout Rd.,3213215000
Warren,Danielle,okwhiteman@jumpstartlab.com,20686,st marys cityq,MD,16800 Point lookout rd,5555555000
Kearney,Lisa,vkeygordon@jumpstartlab.com,20686,st marys city,MD,16800 Point lookout rd,5555555000
Stoneking,Gabrielle,jostilllusesabeeper@jumpstartlab.com,20686,st marys city,MD,16800 Point lookout rd,5555555000
Hall,Jake,ifinero@jumpstartlab.com,20686,St. Mary's City,MD,16800 Point Lookout Rd.,4029904000
Ebersole,Bret,yhsloa08@jumpstartlab.com,20686,st marys city,MD,16800 Point lookout rd,5555555000
Houghton,Nell,vjm2865@jumpstartlab.com,20686,St. Mary's City,MD,16800 Point Lookout Rd.,4029904000
Wein,Robert,yahrison@jumpstartlab.com,20686,st marys city,MD,16800 Point lookout rd,5555555000
Lopez,Ashley,vermideo@jumpstartlab.com,20686,st marys city,MD,16800 Point lookout rd,5555555000
Jahne,John,qyieff@jumpstartlab.com,20686,st marys city,MD,16800 Point lookout rd,5555555000
Moskowitz,Hannah,rbolley@jumpstartlab.com,20686,yhfh,MD,16800 Point Lookout Rd.,4029904000
Reay,Tony,uxffret@jumpstartlab.com,20686,st marys city,MD,16800 Point lookout rd,5555555000
Baker,Eliza,ykvinga@jumpstartlab.com,21210,Baltimore,MD,MS 2361 Loyola College 4501 North Charles St,9086982000
Fowler,Natalie,netite_nombre@jumpstartlab.com,21210,Baltimore,MD,MS 2361 4501 N Charles St,9086982000
Davies,William,rxowden3@jumpstartlab.com,21210,Baltimore,MD,MS 2361 4501 N. Charles St,9086982000
Null,Sarah,rcverburg@jumpstartlab.com,21210,Baltimore,MD,MS 2361 4501 N. Charles St,9086982000
Donnelly,Jennifer,qxaschreck@jumpstartlab.com,21210,Baltimore,MD,2361 4501 N. Charles St,9086982000
Sullivan,Shelby,bereenberg@jumpstartlab.com,21210,Baltimore,MD,MS 2361 4501 N Charles St,6312912000
Evans,Courtney,agatsfunny1688@jumpstartlab.com,21210,Baltimore,MD,MS 3356 Loyola College 4501 N Charles St,4103702000
Hunter,Wendy,elgerow@jumpstartlab.com,21210,Baltimore,MD,MS 2361 4501 N Charles St,9087525000
Ter Kuile,Lance,yboaks@jumpstartlab.com,21210,Baltimore,MD,124,6318735000
Whitney,Chris,bcisher@jumpstartlab.com,21210,Baltimore,MD,456,4103702000
McCusker,Null,papokuag@jumpstartlab.com,20910,Silver Spring,MD,"1519 East Falkland Ln, Apt 154",5082748000
Richards,Minrose,klsheac@jumpstartlab.com,20742,College Park,MD,"5215 Centreville Hall, University of Maryland",6179353000
Kolodin,Diana,mqrosent@jumpstartlab.com,20817,College Park,MD,4226A Guilford Dr,3017872000
Balinsky-Baker,Kevin,xlarab1@jumpstartlab.com,20912,Takoma Park,MD,7600 Flower Ave.,9145844000
Herman,Richard,xb@jumpstartlab.com,20912,Takoma Park,MD,1001 Kennebec Ave.,7322997000
Embick,Michael,sdfonteyne@jumpstartlab.com,20912,"Takoma Park,",MD,7600 Flower Ave.,9136871000
Litzenberg,X,bfoseen@jumpstartlab.com,20866,Burtonsville,MD,15144 Red Cedar Dr.,2403508000
Stachowski,Melissa,dnhimjolly@jumpstartlab.com,20866,Burtonsville,MD,15144 Red Cedar Dr.,3015189000
Becker,Dani,uxch.hastings@jumpstartlab.com,20912,Takoma Park,MD,7600 Flower Ave.,2403869000
Lister,Milton,dqingold@jumpstartlab.com,20912,Takoma Park,MD,7600 Flower Ave.,3018914000
Voutour,Laura,tuyrotenberg@jumpstartlab.com,20770,Greenbelt,MD,2 P Plateau Pl,3014740000
Svoboda,Jessica,vxitkens724@jumpstartlab.com,21210,Baltimore,MD,4501 N Charles St. MS 2700,8608106000
Doe,Jesse,gsaddario@jumpstartlab.com,20904,Silver Spring,MD,1304 Peaceful Lane,7174482000
Slote,Sheila,gdristina.holland@jumpstartlab.com,20723,Laurel,MD,8252 Sandy Stream Road,3019741000
Doe,Daniel,iicmseac@jumpstartlab.com,20783,Hyattsville,MD,7951 15th Ave #201,3013184000
Hopkins,Katie,gbnichol@jumpstartlab.com,21087,Kingsville,MD,11819 Stoney Batter Road,4105928000
Letcheva,Laney,pdisb_nuggs@jumpstartlab.com,21742,Hagerstown,MD,1401 potomac ave,8459887000
See,Carl,fuoungma@jumpstartlab.com,20740,College Park,MD,247-09D Leonardtown,6785710000
Borick,Matthew,gclue-hitchens11@jumpstartlab.com,20742,College Park,MD,247-09-C New Leonardtown,3013469000
Kauffman,Alexis,ctnteyj@jumpstartlab.com,21218,Baltimore,MD,3339 N. Charles St.,6173650000
San Roman,Whitney,fgoore@jumpstartlab.com,21218,Baltimore,MD,2 w. University Pkwy,6173650000
Tran,Eleanor,tiperchick447@jumpstartlab.com,20852,Rockville,MD,6010 California Cir 114,6173650000
Sibelman,Ben,kntsosj@jumpstartlab.com,21218,Baltimore,MD,712 Montpelier,6173650000
Thatcher,Isabelle,dybosem@jumpstartlab.com,21218,Baltimore,MD,3339 N. Charles,6173650000
Gent,Liana,eggordon@jumpstartlab.com,21218,Baltimore,MD,3900 Halstead,6173650000
Bissessar,Jessica,kkazirak@jumpstartlab.com,21210,Baltimore,MD,110 W. 39th,6173650000
Matthews,Jake,feaversnob@jumpstartlab.com,21218,Baltimore,MD,3501 st. paul,6173650000
Xx,Stephen,tull31@jumpstartlab.com,21218,Baltimore,MD,3339 n charles,6173650000
Boyle,Laura,vvaterma@jumpstartlab.com,21210,Baltimore,MD,110 w 39th,6173650000
Westwood,John,ngelacolwell@jumpstartlab.com,21218,Baltimore,MD,3301 n charles st.,6173650000
Webster,Laura,ows_braun@jumpstartlab.com,21218,Baltimore,MD,3003 n charles st,6173650000
Smith,Cassidy,vxurengill@jumpstartlab.com,21218,Baltimore,MD,3003 n charles st,6173650000
Khouang,Sherry,ceanzet@jumpstartlab.com,21216,x,MD,x,3016131000
Caldwell,Keonna,lwlarali@jumpstartlab.com,21216,x,MD,x,3016131000
Student,Meghan,txancourt@jumpstartlab.com,21216,x,MD,x,3016131000
Dutton,Catherine,xfnnie.woldorf@jumpstartlab.com,21216,x,MD,x,3016131000
Sangha,Philip,nmnes4re@jumpstartlab.com,21216,x,MD,x,3016131000
D'addario,Neha,wyusecc@jumpstartlab.com,21216,x,MD,x,3016131000
Kurs,Russell,rnloe.sackett@jumpstartlab.com,21216,x,MD,x,3016131000
Rizzo,Aditi,odenajean@jumpstartlab.com,21216,x,MD,x,3016131000
Zahorian,Meredith,ypebee3000@jumpstartlab.com,21216,x,MD,x,3016131000
Thompson,Heather,rdm327@jumpstartlab.com,21216,x,MD,x,3016131000
Howard,Null,uqlitzen@jumpstartlab.com,20742,College Park,MD,"247-10 Leonardtown, University of Maryland",5089549000
Sanders,Jessica,uvsorens@jumpstartlab.com,21216,x,MD,x,3016131000
Phillips,Melanie,hdaggio@jumpstartlab.com,21216,x,MD,x,3016131000
Smedick,Alicia,saoy3333@jumpstartlab.com,21216,x,MD,x,3016131000
Mershon,Caroline,ny@jumpstartlab.com,21216,x,MD,x,3016131000
Sprinzen,Michael,jyica.borgeswallace@jumpstartlab.com,21216,x,MD,x,3016131000
Hoffbeck,Sandddd,nrllinsj4@jumpstartlab.com,21216,x,MD,x,3016131000
Derwin,Holly,tcephanie.j.gardner@jumpstartlab.com,21216,x,MD,x,3016131000
Downing,Diana,sdhaw1@jumpstartlab.com,21216,x,MD,x,3016131000
Waldman,Sarah,cychelleighguillory@jumpstartlab.com,21216,x,MD,x,3016131000
Bell,Mary,cfeckerp@jumpstartlab.com,21216,x,MD,x,3016131000
Hawes,Bridget,lsmery@jumpstartlab.com,21216,x,MD,x,3016131000
Cruickshank,Philip,plerris@jumpstartlab.com,21216,x,MD,x,3016131000
Kohnstamm,Robert,ruood1988@jumpstartlab.com,21216,x,MD,x,3016131000
Law,Jason,agle_Rosenblad@jumpstartlab.com,21216,x,MD,x,3016131000
Owens,Eric,moilema1@jumpstartlab.com,21216,x,MD,x,3016131000
Dennis,Jillian,urchnibe@jumpstartlab.com,21216,x,MD,x,3016131000
Pedicone,Christie,ixhndoe3@jumpstartlab.com,21216,x,MD,x,3016131000
Lane,Marcellus,nuttydus@jumpstartlab.com,21216,x,MD,x,3016131000
Miller,Valencia,dpaaaaaaaaa@jumpstartlab.com,21216,x,MD,x,3016131000
Parry,Elizabeth,acombard@jumpstartlab.com,21216,x,MD,x,3016131000
Gill,Juliet,tqnniferkrill@jumpstartlab.com,21216,x,MD,x,3016131000
Howell-Dinger,Catherine,arnneryis007@jumpstartlab.com,21216,x,MD,x,3016131000
Marchessault,Andrea,ord9@jumpstartlab.com,21216,x,MD,x,3016131000
Mendez,Jane,natowel@jumpstartlab.com,21216,x,MD,x,3016131000
Ray-Mazumder,J,tmclaibo@jumpstartlab.com,21216,x,MD,x,3016131000
Finkel,Lea,reanelle.dugan@jumpstartlab.com,21216,x,MD,x,3016131000
Lynch,Whitney,ahccernsv@jumpstartlab.com,21216,x,MD,x,3016131000
Moynahan,Michael,hkianhalprin@jumpstartlab.com,21216,x,MD,x,3016131000
Webster,James,vouljosephpark@jumpstartlab.com,21216,x,MD,x,3016131000
Carodenuto,Catherine,rcura.lipinski@jumpstartlab.com,21216,x,MD,x,3016131000
Heinichen,Francesca,lynfranklin@jumpstartlab.com,21216,x,MD,x,3016131000
Shapiro,Elise,aesout08@jumpstartlab.com,21216,x,MD,x,3016131000
Van Eck,Andreah,qxcthruhiker17@jumpstartlab.com,21216,x,MD,x,3016131000
Wright,Marci,rbrie.stratton@jumpstartlab.com,21216,x,MD,x,3016131000
Skaggs,Mary,ijlldurrett@jumpstartlab.com,21216,x,MD,x,3016131000
Coleman,Lorenzo,jjaslett@jumpstartlab.com,21216,x,MD,x,3016131000
Colehor,Andrew,gjlupkin@jumpstartlab.com,21216,x,MD,x,3016131000
Laird,Beth,umt24@jumpstartlab.com,21216,x,MD,x,3016131000
Dooley-Feldman,Arielle,kkccrory@jumpstartlab.com,21216,x,MD,x,3016131000
Maloney,Katherine,rcng2106@jumpstartlab.com,21216,x,MD,x,3016131000
Uzuki,Rebecca,gkpagecolby@jumpstartlab.com,21216,x,MD,x,3016131000
Brown,Georgia,pikeAli27@jumpstartlab.com,21216,x,MD,x,3016131000
Griffin,Euric,rcll32@jumpstartlab.com,21216,x,MD,x,3016131000
Jones,Natalie,korkson.allegra@jumpstartlab.com,21216,x,MD,x,3016131000
Reese,Stacy,yohley.leclare@jumpstartlab.com,21216,x,MD,x,3016131000
Bolton,Charles,tfedina4@jumpstartlab.com,21224,Baltimore,MD,1010 S. Kenwood Ave.,8143973000
Atcheson,Tarini,xkracken@jumpstartlab.com,21045,Columbia,MD,8945 Footed Ridge,4109920000
Marden,Jamie,assse.d.jenkins@jumpstartlab.com,20742,College Park,MD,"4230 Knox Road, Apt. 1530",4432579000
Repka,Lillian,nywaibi@jumpstartlab.com,20742,College Park,MD,3109 Cambridge,2404260000
Weinstein,Natalie,xuwilburn11@jumpstartlab.com,20742,College Park,MD,"247-9 Leonardtown Hall, University of Maryland",2404010000
Cooper,Nicholas,yyvidpcorrado@jumpstartlab.com,20740,College Park,MD,8000 Boteler Lane,9788444000
Stewart,Shannon,liarry@jumpstartlab.com,21250,Baltimore,MD,1000 Hilltop Circle,4102276000
Manchada,Melanie,gxudgens@jumpstartlab.com,20854,Potomac,MD,1492 Selworthy Rd,7183054000
Frederick,Steph,krott@jumpstartlab.com,29740,College Park,MD,8000 Boteler Lane Apt #124A,4104585000
Siegel,Tamara,dingbodu@jumpstartlab.com,21239,baltimore,MD,6905 donachie rd apt f,3012579000
Jeff,Jay,pmahlstr@jumpstartlab.com,21286,Towson,MD,303 E. Burke Rd Apt C,3012579000
Clancy,Laurie,jk@jumpstartlab.com,20895,kensington,MD,3115-8 university blvd west,3012579000
White,Jane,fpikatri@jumpstartlab.com,21204,Towson,MD,8007 york rd apt C1,3012579000
Brubaker,Cara,tvnglese1@jumpstartlab.com,20742,College Park,MD,6121 Centreville Hall,3103704000
O'Bryon,Marcelino,jxrrieweikle@jumpstartlab.com,20740,College Park,MD,8000 Boteler Lane Apt. 124,3022455000
Wang,Jessica,vwinsa02@jumpstartlab.com,21093,lutherville,MD,11209 greenspring ave,4436297000
Suzor,Kirsten,hwiderc@jumpstartlab.com,20740,college park,MD,4603 harvard rd.,4439942000
Dougherty,Amanda,ukmitch07@jumpstartlab.com,20602,waldorf,MD,607 wilson ln,2402103000
Griffard,X,skmbolger@jumpstartlab.com,20646,La Plata,MD,6580 glendale place,3012667000
Williams,Sarah,dvjaff07@jumpstartlab.com,21136,reisterstown,MD,14021 woodlings lane,4436324000
Brisbois,Sarah,wqlee0808@jumpstartlab.com,21218,Baltimore,MD,3043 Frisby St.,4436324000
Santoro,Kelly,auurtney.marie.davis@jumpstartlab.com,20912,Takoma Park,MD,28 Lee Ave. Apt. 303,2402054000
Ogutu,Alice,ury1@jumpstartlab.com,21047,fallston,MD,3327 charles st,4436167000
Fonda-Bonardi,Stephen,rilking_contradiction_27@jumpstartlab.com,20601,waldorf,MD,3802 brewster circle,2403469000
Pfeffer,Jordan,xfanjarr@jumpstartlab.com,20912,takoma park,MD,251 manor circle,2404614000
Nayeem,Hilary,lhavis@jumpstartlab.com,20912,takoma park,MD,251 manor circle,3018141000
Syrig,Charlotte,wwedellstiles@jumpstartlab.com,20782,Hyattsville,MD,6201 41st Ave,3013184000
Reinauer,Zachary,qrantiag@jumpstartlab.com,20742,College Park,MD,5218 Centreville,3046045000
Barker,Emma,rcberger@jumpstartlab.com,20816,Bethesda,MD,2 Bay Tree Lane,3013200000
Zamudio,Bradly,fyaronsmith@jumpstartlab.com,20742,College Park,MD,1102 Somerset Hall,4102180000
Sager,Megan,xglia.shindel@jumpstartlab.com,20781,Hyattsville,MD,4227 Oglethorpe St.,5134172000
Gupta,Null,sxhndoe14@jumpstartlab.com,20910,Silver Spring,MD,"1133 E West Hwy, Ste 319-W",8125523000
Doe,Meredith,uimenez@jumpstartlab.com,20740,College Park,MD,8000 Travis Ln,3012529000
Fencl,Zach,smTAK@jumpstartlab.com,20740,College Park,MD,"8204 Baltimore Ave, Apt 718B",5136803000
Zimmer,Brandon,mmockc6@jumpstartlab.com,21701,Frederick,MD,401 Rosemont Ave.,7327798000
Lazarowski,Paul,qnudmer@jumpstartlab.com,20860,Sandy Spring,MD,17714 Meetinghouse Rd,3013790000
August,Shane,anhilips@jumpstartlab.com,20912,Takoma Park,MD,1012 Heather Ave,3018912000
Barns,Leslie,ufoff@jumpstartlab.com,21788,Thurmont,MD,24 JerMae St,2406261000
Parker,Scott,qhuer321@jumpstartlab.com,20833,Brookeville,MD,19308 Alderbarn Ct,2022701000
Patrick,Shannon,foshankland@jumpstartlab.com,20850,Rockvile,MD,4 Vallingby Circle,2407500000
Haskell,Sophia,gbffb_123@jumpstartlab.com,20770,Greenbelt,MD,14-N Laurel Hill Road,3014740000
Arnold,Rose,oqenville@jumpstartlab.com,20906,Silver Spring,MD,6 Middlebridge Ct,3012337000
Dickson,Alison,xoolloway10@jumpstartlab.com,20854,Potomac,MD,8158 Inverness Ridge Road,3012995000
Xx,Eliza,wqrah.mary89@jumpstartlab.com,20854,Potomac,MD,11713 Charen Lane,3019832000
Chronis,Kirsten,frmooski@jumpstartlab.com,20723,Laurel,MD,10584 Hunters Way,3016174000
DeWolf,Dominique,xwh001@jumpstartlab.com,20901,Silver Spring,MD,9407 Worth Ave,3015880000
Wetherill,Sam,fyvegetarian@jumpstartlab.com,20901,Silver Spring,MD,10823 Margate Road,2404856000
Comer,X,iaivings@jumpstartlab.com,20815,Chevy Chase,MD,3708 Underwood Rd,2406728000
Roy,Katie,dhigsi01@jumpstartlab.com,20782,Hyattsville,MD,6201 41st Ave,2063722000
Avendano,Jessica,ruoore10@jumpstartlab.com,20902,Silver Spring,MD,1814 August Dr,3017875000
Marquis,Lauren,fqenshen@jumpstartlab.com,20902,Wheaton,MD,2103 Hermitage Road,3018303000
Spero,Michael,dcna.kuhnline@jumpstartlab.com,20901,Silver Spring,MD,8905 Sudbury Road,3018019000
Theden,Liam,psmcgrew@jumpstartlab.com,20905,Silver Spring,MD,2217 Link Road,3014211000
Siegler,Stephanie,npmaho06@jumpstartlab.com,20782,University Park,MD,6905 Pineway Ave,2406027000
Wofford,Ruth,paallmeyer@jumpstartlab.com,20815,Chevy Chase,MD,7423 Lynnhurst Street,2404971000
Schwaneke,Jane,fjh224@jumpstartlab.com,20850,Rockville,MD,310 Crabb Avenue,3012197000
Tedrow,Sajeewa,gerumber@jumpstartlab.com,20855,Derwood,MD,7710 Iron Forge Court,3017606000
McCall,Rhiannon,plgermal@jumpstartlab.com,20742,College Park,MD,4111 Elkton Hall,3014667000
Queen,Shannen,kjinda.manglik@jumpstartlab.com,20832,Olney,MD,4105 Alfalfa Terrace,3017749000
Smith,Meg,jy379@jumpstartlab.com,20740,College Park,MD,5024 Berwyn Road,3013184000
Lkjklljlkj,Arden,hslftylerblue@jumpstartlab.com,20742,College Park,MD,3106 Dorchester Hall,2402529000
Baker,Kara,cms.bischoff@jumpstartlab.com,20912,Takoma Park,MD,7600 Flower Ave.,2408884000
Catellacci,Genevieve,gyura.Kriegel@jumpstartlab.com,20742,College Park,MD,6109 Hagerstown Hall,3013184000
Gromisch,Eliza,lqmoresch@jumpstartlab.com,21701,Frederick,MD,8241 Black Hawk Court,3016761000
Tale,Dordt,qxope@jumpstartlab.com,20742,College Park,MD,5104 Denton Hall,4107107000
Rueter,Christian,xlean@jumpstartlab.com,21804,Salisbury,MD,224 Onley Road #103-A,2404980000
Gosse,Sarah,bsore@jumpstartlab.com,20912,Takoma Park,MD,7600 Flower Ave.,3042795000
Brummel,Austin,lpldor_a@jumpstartlab.com,20740,College Park,MD,8000 Boteler Lane,3013184000
Kolb,Joseph,avdisido@jumpstartlab.com,20740,College Park,MD,8000 Boteler Lane,3013184000
Holleb,Seth,ouitlinef324@jumpstartlab.com,20740,College Park,MD,"4226 Guilford Drive, Apt A",3019103000
Holdaway,Jordan,ekazanec@jumpstartlab.com,20742,College park,MD,8133 Hagerstown Hall,3015239000
Gladfelter,Lorena,ylnjen3323@jumpstartlab.com,21157,Westminster,MD,2 College Hill,3012040000
Rawstron,Ben,xjpivey@jumpstartlab.com,20782,Hyattsville,MD,6201 41st Ave,3193504000
Butler,Laura,drCyprian@jumpstartlab.com,20742,College Park,MD,247-9C New Leonardtown,3013184000
Sorenson,Jake,pqowen09@jumpstartlab.com,20740,College Park,MD,4902 Cherokee Street,3017127000
Wolfson,Kyle,gjethin@jumpstartlab.com,20712,Mount Rainier,MD,4004 32nd St,2022220000
Spence,Kerry,cghsjp@jumpstartlab.com,20740,College Park,MD,7400 Columbia Ave,4103031000
Aungst,Dan,vmrthsaver@jumpstartlab.com,20657,Lusby,MD,12545 Catalina Drive,5034758000
